n¬∞,:,Image,Nom,Type,Contenance,Gamme,Prix,LIEN,chercher image,Lien Image
1,PACO RABANNE,,One Million,Homme,70 ml,CLASSIC,35 ‚Ç¨,One Million de Paco Rabanne,üîç Voir image,https://cdn.basler-beauty.de/out/pictures/generated/product/2/980_980_100/1673866-rabanne-1-Million-Eau-de-Parfum-100-ml.9f503eae.jpg
2,GIORGIO ARMANI,,Acqua di Gi√≤,Homme,70 ml,CLASSIC,35 ‚Ç¨,Acqua di Gi√≤ de Giorgio Armani,üîç Voir image,https://www.armanibeauty.fr/dw/image/v2/AAQP_PRD/on/demandware.static/-/Sites-gac-master-catalog/default/dwba15d838/products/AP33101/GA_ww-00401-arm_Acqua-Di-Gio-Eau-de-toilette-50ml.jpg
3,DIOR,,Fahrenheit,Homme,70 ml,CLASSIC,35 ‚Ç¨,Fahrenheit de Christian Dior,üîç Voir image,https://media.sephora.eu/content/dam/digital/pim/published/D/DIOR/16346/72214-media_swatch.jpg?scaleWidth=585&scaleHeight=585&scaleMode=fit
4,DOLCE & GABBANA,,The One,Homme,70 ml,CLASSIC,35 ‚Ç¨,The One de Dolce & Gabbana,üîç Voir image,https://i1.perfumesclub.com/grande/181158.jpg
5,HUGO BOSS,,Hugo,Homme,70 ml,CLASSIC,35 ‚Ç¨,Hugo de Hugo Boss,üîç Voir image,https://www.incenza.com/18739-large_default/hugo-man-eau-de-toilette.jpg
6,YVES SAINT LAURENT,,Opium,Femme,70 ml,CLASSIC,35 ‚Ç¨,Opium de Yves Saint Laurent,üîç Voir image,https://media.sephora.eu/content/dam/digital/pim/published/Y/YVES_SAINT_LAURENT/195939/14090-media_swatch.jpg?scaleWidth=585&scaleHeight=585&scaleMode=fit
7,DIOR,,J‚Äôadore,Femme,70 ml,CLASSIC,35 ‚Ç¨,J‚Äôadore de Christian Dior,üîç Voir image,https://www.achatmoinscher.com/photoProd/zoom/843/jadore-eau-de-parfum-pour-femme-notes-solaires-et-florales--255474064.jpg
10,THIERRY MUGLER,,Alien,Femme,70 ml,CLASSIC,35 ‚Ç¨,Alien de Thierry Mugler,üîç Voir image,https://cdn2.tendance-parfums.com/media/catalog/product/cache/d744282128c98185387622ffaf432034/t/h/thierry-mugler-alien-ressourcable-60.jpg
11,DOLCE & GABBANA,,Light Blue,Femme,70 ml,CLASSIC,35 ‚Ç¨,Light Blue de Dolce & Gabbana,üîç Voir image,https://media.nocibe.fr/medias/A4g3we1222281-1-global.jpg?context=bWFzdGVyfGltYWdlc3w0ODc0NTl8aW1hZ2UvanBlZ3xhR1U1TDJnMU15ODJNemczTkRJeU1URTNPRGt4TUM5Qk5HY3pkMlV4TWpJeU1qZ3hYekZmWjJ4dlltRnNMbXB3Wnd8NDA4ZTVhNzcwMjcyZmE1Mjc2NDNhZGE1YTM1MTJiYTViMzEyMDgxMzgyMDVlMmUwZjM1Mjk0NDAzOWUxNDA1ZQ&grid=true
12,DIOR,,Eau Sauvage,Homme,70 ml,CLASSIC,35 ‚Ç¨,Eau Sauvage de Dior,üîç Voir image,https://stimg.eu/assets/img/large/39483/dior-eau-sauvage-eau-de-toilette-100ml-2-1724415131.webp
13,GUCCI,,Guilty,Femme,70 ml,CLASSIC,35 ‚Ç¨,Guilty de Gucci,üîç Voir image,https://media.sephora.eu/content/dam/digital/pim/published/G/GUCCI/P3620020/40925-media_principal.jpg?scaleWidth=585&scaleHeight=585&scaleMode=fit
14,YVES SAINT LAURENT,,Manifesto,Femme,70 ml,CLASSIC,35 ‚Ç¨,Manifesto de Yves Saint Laurent,üîç Voir image,https://www.kalista-parfums.com/223408-thickbox_default/manifesto-eau-de-parfum.jpg
15,LAURA BIAGIOTTI,,Roma,Homme,70 ml,CLASSIC,35 ‚Ç¨,Roma de Laura Biagiotti,üîç Voir image,https://m.media-amazon.com/images/I/61wGllaLEHL.jpg
16,JEAN-PAUL GAULTIER,,Le M√¢le,Homme,70 ml,CLASSIC,35 ‚Ç¨,Le M√¢le de Jean-Paul Gaultier,üîç Voir image,https://www.parfumsmoinschers.com/1184-83767-thickbox/le-male-jean-paul-gaultier-eau-de-toilette-spray-125-ml.jpg
17,GUCCI,,Guilty,Homme,70 ml,CLASSIC,35 ‚Ç¨,Guilty de Gucci,üîç Voir image,https://media.sephora.eu/content/dam/digital/pim/published/G/GUCCI/P755014/13288-media_principal.jpeg?scaleWidth=585&scaleHeight=585&scaleMode=fit
18,CARTIER,,D√©claration,Homme,70 ml,CLASSIC,35 ‚Ç¨,D√©claration de Cartier,üîç Voir image,https://media.sephora.eu/content/dam/digital/pim/published/C/CARTIER/745064/359377-media_swatch-0.jpg?scaleWidth=585&scaleHeight=585&scaleMode=fit
19,PACO RABANNE,,Lady Million,Femme,70 ml,CLASSIC,35 ‚Ç¨,Lady Million de Paco Rabanne,üîç Voir image,https://cosmechic.fr/32283-large_default/eau-de-parfum-lady-million-80-ml.jpg
20,YVES SAINT LAURENT,,La Nuit de l‚ÄôHomme,Homme,70 ml,CLASSIC,35 ‚Ç¨,La Nuit de l‚ÄôHomme de Yves Saint Laurent,üîç Voir image,https://i1.perfumesclub.com/grande/23651.jpg
21,DOLCE & GABBANA,,Light Blue,Homme,70 ml,CLASSIC,35 ‚Ç¨,Light Blue de Dolce & Gabbana,üîç Voir image,https://cosmechic.fr/36577-large_default/eau-de-toilette-light-blue-50-ml.jpg
22,HERM√àS,,Terre d‚ÄôHerm√®s,Homme,70 ml,CLASSIC,35 ‚Ç¨,Terre d‚ÄôHerm√®s de Herm√®s,üîç Voir image,https://media.sephora.eu/content/dam/digital/massivpimupload/H/HERM%C3%88S/192868/22863-media_swatch.jpg?scaleWidth=585&scaleHeight=585&scaleMode=fit
23,DIOR,,Hypnotic Poison,Femme,70 ml,CLASSIC,35 ‚Ç¨,Hypnotic Poison de Christian Dior,üîç Voir image,https://www.parfumdo.com/79074-large_default/hypnotic-poison-eau-de-parfum-vaporisateur.jpg
24,CHANEL,,Chanel N¬∞5,Femme,70 ml,CLASSIC,35 ‚Ç¨,Chanel N¬∞5,üîç Voir image,https://media.sephora.eu/content/dam/digital/pim/published/C/CHANEL/60423/22877-media_swatch.jpg?scaleWidth=undefined&scaleHeight=undefined&scaleMode=undefined
25,NARCISO RODRIGUEZ,,For Her,Femme,70 ml,CLASSIC,35 ‚Ç¨,For Her de Narciso Rodriguez,üîç Voir image,https://photos6.spartoo.com/photos/123/12392628/12392628_1200_A.jpg
26,KENZO,,Flower,Femme,70 ml,CLASSIC,35 ‚Ç¨,Flower de Kenzo,üîç Voir image,https://media.marionnaud.fr/medias/sys_master/prd-images/h5c/h19/12047671230494/prd-front-100158286_420x420/prd-front-100158286-420x420.png
27,LANC√îME,,Tr√©sor,Femme,70 ml,CLASSIC,35 ‚Ç¨,Tr√©sor de Lanc√¥me,üîç Voir image,https://pricespy-75b8.kxcdn.com/product/standard/280/196760.jpg
28,THIERRY MUGLER,,Angel,Femme,70 ml,CLASSIC,35 ‚Ç¨,Angel de Thierry Mugler,üîç Voir image,https://media.sephora.eu/content/dam/digital/pim/published/M/MUGLER/116221/57623-media_swatch.jpg?scaleWidth=585&scaleHeight=585&scaleMode=fit
29,ISSEY MIYAKE,,L‚ÄôEau d‚ÄôIssey,Femme,70 ml,CLASSIC,35 ‚Ç¨,L‚ÄôEau d‚ÄôIssey de Issey Miyake,üîç Voir image,https://media.sephora.eu/content/dam/digital/pim/published/I/ISSEY_MIYAKE/23403/36434-media_swatch.jpg?scaleWidth=585&scaleHeight=585&scaleMode=fit
30,PACO RABANNE,,Black XS,Homme,70 ml,CLASSIC,35 ‚Ç¨,Black XS de Paco Rabanne,üîç Voir image,https://media.marionnaud.fr/medias/sys_master/prd-images/hf4/hd4/10785289666590/zoom-front-100023186_420x420/zoom-front-100023186-420x420
32,VIKTOR & ROLF,,Spice Bomb,Homme,70 ml,CLASSIC,35 ‚Ç¨,Spice Bomb de Viktor & Rolf,üîç Voir image,https://www.incenza.com/71145-large_default/spicebomb-eau-de-toilette.jpg
33,GIORGIO ARMANI,,Black Code,Homme,70 ml,CLASSIC,35 ‚Ç¨,Black Code de Giorgio Armani,üîç Voir image,https://i1.perfumesclub.com/grande/174740.jpg
37,BVLGARI,,Man,Homme,70 ml,CLASSIC,35 ‚Ç¨,Man de Bvlgari,üîç Voir image,https://www.parfumdo.com/19672-large_default/bvlgari-man-eau-de-toilette-vaporisateur-.jpg
38,CHANEL,,Bleu de Chanel,Homme,70 ml,CLASSIC,35 ‚Ç¨,Bleu de Chanel,üîç Voir image,https://encrypted-tbn0.gstatic.com/images?q=tbn:ANd9GcR8CFCDfmGTAfADVVrwV5JXCwDMlkGHh58P2A&s
39,DIOR,,Miss Dior,Femme,70 ml,CLASSIC,35 ‚Ç¨,Miss Dior de Christian Dior,üîç Voir image,https://media.sephora.eu/content/dam/digital/pim/published/D/DIOR/P10017595/61047-media_principal.jpg?scaleWidth=585&scaleHeight=585&scaleMode=fit
40,LANC√îME,,Hypnose,Femme,70 ml,CLASSIC,35 ‚Ç¨,Hypnose de Lanc√¥me,üîç Voir image,https://www.kalista-parfums.com/222542-thickbox_default/hypnose-eau-de-parfum.jpg
41,CHLO√â,,Chlo√©,Femme,70 ml,CLASSIC,35 ‚Ç¨,Chlo√© de Chlo√©,üîç Voir image,https://cdn.basler-beauty.de/out/pictures/generated/product/1/980_980_100/1608053-Chloe-Chloe-Eau-de-Parfum-50-ml.5c9675a5.jpg
42,LANC√îME,,La Vie Est Belle,Femme,70 ml,CLASSIC,35 ‚Ç¨,La Vie Est Belle de Lanc√¥me,üîç Voir image,https://cdn.basler-beauty.de/out/pictures/generated/product/1/980_980_100/1618148-Lancome-La-Vie-est-Belle-Eau-de-Parfum-Refillable-100-ml.ebea44dd.jpg
43,CHLO√â,,Love,Femme,70 ml,CLASSIC,35 ‚Ç¨,Love de Chlo√©,üîç Voir image,https://www.incenza.com/18677-large_default/love-story-eau-de-parfum.jpg
44,CREED,,Silver Mountain,Mixte,70 ml,LUXE,48 ‚Ç¨,Silver Mountain de Creed,üîç Voir image,https://static.thcdn.com/images/small/original//productimg/960/960/12870049-1085132311928511.jpg
45,z CHOGAN,,Chogan Gar√ßon,Enfant,30 ml,CLASSIC,29 ‚Ç¨,Chogan Gar√ßon,üîç Voir image,https://www.ls-diffusion.com/shop/1009-large_default/parfum-garcon-olfazeta-baby-30-ml.jpg
46,CKLEIN,,CK One,Mixte,70 ml,CLASSIC,35 ‚Ç¨,,üîç Voir image,https://pricespy-75b8.kxcdn.com/product/standard/280/217574.jpg
47,VERSACE,,Crystal Noir,Femme,70 ml,CLASSIC,35 ‚Ç¨,Crystal Noir de Versace,üîç Voir image,https://media.sephora.eu/content/dam/digital/pim/published/V/VERSACE/472642/160505-media_swatch.jpg?scaleWidth=585&scaleHeight=585&scaleMode=fit
48,CHANEL,,Allure Homme,Homme,70 ml,CLASSIC,35 ‚Ç¨,Allure Homme de Chanel,üîç Voir image,https://www.avenue-des-parfums.fr/28342-large_default/allure-homme-eau-de-toilette.jpg
49,DOLCE & GABBANA,,Dolce,Femme,70 ml,CLASSIC,35 ‚Ç¨,Dolce de Dolce & Gabbana,üîç Voir image,https://cdn.basler-beauty.de/out/pictures/generated/product/1/980_980_100/1651056-Dolce-Gabbana-Dolce-Eau-de-Parfum-50-ml.bdb49f17.jpg
51,CHANEL,,Coco Mademoiselle,Femme,70 ml,CLASSIC,35 ‚Ç¨,Coco Mademoiselle de Chanel,üîç Voir image,https://encrypted-tbn0.gstatic.com/images?q=tbn:ANd9GcTCnKqJiMF81GbUKSA8eMRg_EVoZLhjTMqytg&s
50,BURBERRY,,Burberry for men,Homme,70 ml,CLASSIC,35 ‚Ç¨,,üîç Voir image,https://www.parfumerie-burdin.com/22230-large_default/burberry-for-men-eau-de-toilette.jpg
52,CARTIER,,Pasha,Homme,70 ml,CLASSIC,35 ‚Ç¨,Pasha de Cartier,üîç Voir image,https://media.sephora.eu/content/dam/digital/pim/published/C/CARTIER/657438/311822-media_swatch.jpg?scaleWidth=585&scaleHeight=585&scaleMode=fit
53,NARCISO RODRIGUEZ,,Narciso,Femme,70 ml,CLASSIC,35 ‚Ç¨,Narciso de Narciso Rodriguez,üîç Voir image,https://media.sephora.eu/content/dam/digital/pim/published/N/NARCISO_RODRIGUEZ/P2539001/13689-media_principal.jpg?scaleWidth=585&scaleHeight=585&scaleMode=fit
54,TOM FORD,,Black Orchid,Mixte,70 ml,CLASSIC,35 ‚Ç¨,Black Orchid de Tom Ford,üîç Voir image,https://media.sephora.eu/content/dam/digital/pim/published/T/TOM_FORD/159531/24924-media_swatch.jpg?scaleWidth=585&scaleHeight=585&scaleMode=fit
55,YVES SAINT LAURENT,,Black Opium,Femme,70 ml,CLASSIC,35 ‚Ç¨,Black Opium de Yves Saint Laurent,üîç Voir image,https://www.yslbeauty.fr/dw/image/v2/AAQP_PRD/on/demandware.static/-/Sites-ysl-master-catalog/default/dw57601925/Fragrance/Black_Opium/Black%20Opium%20Refresh%20Assets/3614271969477%20BO%20EDP%20150ML.jpg
56,GIVENCHY,,Ange ou D√©mon,Femme,70 ml,CLASSIC,35 ‚Ç¨,Ange ou D√©mon de Givenchy,üîç Voir image,https://media.sephora.eu/content/dam/digital/massivpimupload/G/GIVENCHY/161643/84255-media_swatch.jpg?scaleWidth=undefined&scaleHeight=undefined&scaleMode=undefined
57,BVLGARI,,Omnia Amethyste,Femme,70 ml,CLASSIC,35 ‚Ç¨,Omnia Amethyste de Bvlgari,üîç Voir image,https://www.parfumdo.com/40234-large_default/omnia-amethyste-eau-de-toilette-vaporisateur.jpg
58,z CHOGAN,,Parfum Fille Chogan,Enfant,30 ml,CLASSIC,29 ‚Ç¨,Parfum Fille Chogan,üîç Voir image,https://parfumdereve.com/wp-content/uploads/2025/04/https___chogangroup.com_images_prodotti_big_PR16980484181.jpg
59,z CHOGAN,,Parfum B√©b√© Chogan,Enfant,30ml,CLASSIC,29 ‚Ç¨,Parfum B√©b√© Chogan,üîç Voir image,https://www.senteurprestige.com/storage/products/chogan-bebe-059-1-540x600.webp
61,PACO RABANNE,,Invictus,Homme,70 ml,CLASSIC,35 ‚Ç¨,Invictus de Paco Rabanne,üîç Voir image,https://pricespy-75b8.kxcdn.com/product/standard/280/2052682.jpg
62,PACO RABANNE,,Intenso,Homme,70 ml,CLASSIC,35 ‚Ç¨,Intenso de Dolce & Gabbana,üîç Voir image,https://www.beautyjulia.com/fr/90632-large_default/dghomme-intenso-edp-v.jpg
63,HBOSS,,Hugo,Femme,70 ml,CLASSIC,35 ‚Ç¨,,üîç Voir image,https://i1.perfumesclub.com/grande/61471-2.jpg
64,BVLGARI,,Omnia Indian Garnet,Femme,70 ml,CLASSIC,35 ‚Ç¨,Omnia Indian Garnet de Bvlgari,üîç Voir image,https://farmae.eu/media/catalog/product/o/m/omniaindiangarnet-eaudetoilettespray65ml-bvlgari-45250-e-1_v05.jpg?optimize=medium&fit=bounds&height=700&width=700&canvas=700:700
67,PACO RABANNE,,Olymp√©a,Femme,70 ml,CLASSIC,35 ‚Ç¨,Olymp√©a de Paco Rabanne,üîç Voir image,https://www.parfumdo.com/86119-large_default/olympea-eau-de-parfum-vaporisateur.jpg
68,CREED,,Aventus,Homme,70 ml,LUXE,57 ‚Ç¨,Aventus de Creed,üîç Voir image,"https://cdn.50-ml.com/media/catalog/product/c/r/creed_aventus_100_ml_1.jpg?optimize=medium&bg-color=255,255,255&fit=bounds&height=&width="
69,PROFUMUM ROMA,,Acqua di Sale,Homme,70 ml,CLASSIC,35 ‚Ç¨,Acqua di Sale de Profumum Roma,üîç Voir image,https://le-paravent.fr/cdn/shop/products/1214.jpg?v=1723049700
70,DOLCE & GABBANA,,The One,Femme,70 ml,CLASSIC,35 ‚Ç¨,The One de Dolce & Gabbana,üîç Voir image,https://www.kalista-parfums.com/96086-thickbox_default/the-one-eau-de-parfum.jpg
71,CHANEL,,Allure,Femme,70 ml,CLASSIC,35 ‚Ç¨,Allure de Chanel,üîç Voir image,https://media.sephora.eu/content/dam/digital/massivpimupload/C/CHANEL/95915/50313-media_swatch.jpg?scaleWidth=585&scaleHeight=585&scaleMode=fit
72,REMINISCENCE,,Patchouli,Mixte,70 ml,CLASSIC,35 ‚Ç¨,Patchouli de Reminiscence,üîç Voir image,"https://m.media-amazon.com/images/I/51Ds7sxnrAL._UF894,1000_QL80_.jpg"
73,CREED,,Himalaya,Mixte,70 ml,CLASSIC,35 ‚Ç¨,Himalaya de Creed,üîç Voir image,https://noseparis.com/media/catalog/product/cache/a9f4498212a9683d6979f3cb70158f71/c/r/creed_himalaya_100ml.png
74,NASOMATTO,,Black Afgano,Homme,50 ml,LUXURY,52 ‚Ç¨,Black Afgano de Nasomatto,üîç Voir image,"https://cdn.50-ml.com/media/catalog/product/n/a/nasomatto_black_afgano_p_1.jpg?optimize=medium&bg-color=255,255,255&fit=bounds&height=&width="
75,CLIVE CHRISTIAN,,X For Men,Homme,50 ml,LUXURY,52 ‚Ç¨,X For Men de Clive Christian,üîç Voir image,https://www.marcgebauer.com/cdn/shop/products/Xm_1600x.jpg?v=1753971450
76,GIORGIO ARMANI,,Acqua di Gioia,Femme,70 ml,CLASSIC,35 ‚Ç¨,Acqua di Gioia de Giorgio Armani,üîç Voir image,https://media.sephora.eu/content/dam/digital/pim/published/A/ARMANI/P110904/30994-media_principal.jpg?scaleWidth=585&scaleHeight=585&scaleMode=fit
77,GUCCI,,Fora,Femme,70ml,CLASSIC,35 ‚Ç¨,,üîç Voir image,"https://m.media-amazon.com/images/I/61WpdmJhpiL._UF1000,1000_QL80_.jpg"
79,YVES SAINT LAURENT,,MYSLF,Homme,70 ml,CLASSIC,35 ‚Ç¨,MYSLF de Yves Saint Laurent,üîç Voir image,https://media.sephora.eu/content/dam/digital/pim/published/Y/YVES_SAINT_LAURENT/P10059999/102586-media_principal.jpg?scaleWidth=585&scaleHeight=585&scaleMode=fit
80,GIORGIO ARMANI,,S√¨,Femme,70 ml,CLASSIC,35 ‚Ç¨,S√¨ de Giorgio Armani,üîç Voir image,https://www.lookfantastic.fr/images?url=https://static.thcdn.com/productimg/original/11210490-1495145757790640.jpg&format=webp&auto=avif&width=985&height=985&fit=cover
81,JEAN-PAUL GAULTIER,,Classique Essence,Femme,70 ml,CLASSIC,35 ‚Ç¨,Classique Essence de Jean-Paul Gaultier,üîç Voir image,https://pricespy-75b8.kxcdn.com/product/standard/280/3902176.jpg
82,SALVATORE FERRAGAMO,,Signorina,Femme,70 ml,CLASSIC,35 ‚Ç¨,Signorina de Salvatore Ferragamo,üîç Voir image,https://www.news-parfums.com/49465-tm_large_default/signorina-eau-de-toilette.jpg
84,VERSACE,,Dylan Blue,Homme,70 ml,CLASSIC,35 ‚Ç¨,Dylan Blue de Versace,üîç Voir image,https://media.sephora.eu/content/dam/digital/pim/published/V/VERSACE/363751/16791-media_swatch.jpg?scaleWidth=265&scaleHeight=265&scaleMode=fit
85,CHANEL,,Chance,Femme,70 ml,CLASSIC,35 ‚Ç¨,Chance de Chanel,üîç Voir image,https://media.nocibe.fr/medias/DiCSXg258441-0-ncb-FR.jpg?context=bWFzdGVyfGltYWdlc3w2MTUwMXxpbWFnZS9qcGVnfGFETXlMMmd3T1M4MU1URTFPREEyT1Rjd05qYzRNaTlFYVVOVFdHY3lOVGcwTkRGZk1GOXVZMkl0UmxJdWFuQm58MDc0NDU0MTRmMThjOGI2NGYzOWY0YWI1Y2QyNTU0MjhmYzg2ZTgyOGI5NTVmNTEwZDM5ZjRlZmNjODI3YWM0Zg&grid=true
86,MONTBLANC,,Legend,Homme,70 ml,CLASSIC,35 ‚Ç¨,Legend de Montblanc,üîç Voir image,https://media.sephora.eu/content/dam/digital/pim/published/M/MONTBLANC/217909/67846-media_swatch.jpg?scaleWidth=585&scaleHeight=585&scaleMode=fit
87,AZZARO,,Wanted,Homme,70 ml,CLASSIC,35 ‚Ç¨,Wanted de Azzaro,üîç Voir image,https://www.parfumdo.com/98558-large_default/azzaro-wanted-eau-de-toilette-vaporisateur.jpg
88,BVLGARI,,Man In black,Homme,70 ml,CLASSIC,35 ‚Ç¨,Man In black de Bvlgari,üîç Voir image,https://media.sephora.eu/content/dam/digital/pim/published/B/BVLGARI/307803/91605-media_swatch.jpg?scaleWidth=265&scaleHeight=265&scaleMode=fit
89,YVES SAINT LAURENT,,Mon Paris,Femme,70 ml,CLASSIC,35 ‚Ç¨,Mon Paris de Yves Saint Laurent,üîç Voir image,https://media.sephora.eu/content/dam/digital/pim/published/Y/YVES_SAINT_LAURENT/P2585007/5484-media_principal.jpg?scaleWidth=585&scaleHeight=585&scaleMode=fit
90,DIOR,,Poison Girl,Femme,70 ml,CLASSIC,35 ‚Ç¨,Poison Girl de Dior,üîç Voir image,https://media.sephora.eu/content/dam/digital/pim/published/D/DIOR/344817/47595-media_swatch.jpg?scaleWidth=585&scaleHeight=585&scaleMode=fit
91,AZZARO,,Chrome,Homme,70 ml,CLASSIC,35 ‚Ç¨,Chrome de Azzaro,üîç Voir image,https://media.sephora.eu/content/dam/digital/pim/published/A/AZZARO/P23601/1770-media_principal.jpg?scaleWidth=585&scaleHeight=585&scaleMode=fit
92,BURBERRY,,Mr. Burberry,Homme,70 ml,CLASSIC,35 ‚Ç¨,,üîç Voir image,https://www.incenza.com/47267-thickbox_default/mr-burberry-eau-de-toilette.jpg
93,CREED,,Aventus For Her,Femme,70 ml,LUXE,57 ‚Ç¨,Aventus For Her de Creed,üîç Voir image,"https://cdn.50-ml.com/media/catalog/product/c/r/creed_aventus_for_her_75_ml_1.jpg?optimize=medium&bg-color=255,255,255&fit=bounds&height=&width="
94,DIOR,,Sauvage,Homme,70 ml,LUXE,48 ‚Ç¨,Sauvage de Dior,üîç Voir image,https://media.sephora.eu/content/dam/digital/pim/published/D/DIOR/421404/10391-media_swatch.jpg?scaleWidth=585&scaleHeight=585&scaleMode=fit
95,BURBERRY,,Burberry,Femme,70 ml,CLASSIC,35 ‚Ç¨,,üîç Voir image,https://cdn2.tendance-parfums.com/media/catalog/product/cache/d744282128c98185387622ffaf432034/b/u/burberry-for-women.jpg
96,CHANEL,,Gabrielle,Femme,70 ml,CLASSIC,35 ‚Ç¨,Gabrielle de Chanel,üîç Voir image,https://www.parfumerie-burdin.com/26018-thickbox_default/chanel-gabrielle-chanel-essence-eau-de-parfum.jpg
97,FERRAGAMO,,Amo,Femme,70 ml,CLASSIC,35 ‚Ç¨,Amo de Ferragamo,üîç Voir image,https://media.douglas.be/medias/2jEXGw995990-0-global.jpg?context=bWFzdGVyfGltYWdlc3w3NDEyOHxpbWFnZS9qcGVnfGFHUmhMMmcyTUM4eE16TTBOalU1TURreE5qWXpPQzh5YWtWWVIzYzVPVFU1T1RCZk1GOW5iRzlpWVd3dWFuQm58YzM3MDZmOTQ3OWVmNzIxNjhjMWNjNWEyNjFiMTdmMTFjZWI1ZGUxN2IyYTdkNjEyYTliZWZjZWRmN2E3YTcxMw&grid=true
98,DIOR,,Joy,Femme,70 ml,CLASSIC,35 ‚Ç¨,Joy de Dior,üîç Voir image,https://media.sephora.eu/content/dam/digital/pim/published/D/DIOR/P3456015/17908-media_principal.jpg?scaleWidth=585&scaleHeight=585&scaleMode=fit
99,TOM FORD,,Mandarino Di Amalfi,Mixte,70 ml,LUXE,45 ‚Ç¨,Mandarino Di Amalfi de Tom Ford,üîç Voir image,https://media.sephora.eu/content/dam/digital/pim/published/T/TOM_FORD/309675/17139-media_swatch.jpg?scaleWidth=585&scaleHeight=585&scaleMode=fit
100,MONTALE,,White Aoud,Mixte,70 ml,CLASSIC,35 ‚Ç¨,White Aoud de Montale,üîç Voir image,https://i.makeup.fr/600x600/mabmxfjxykur.jpg
101,DOLCE & GABBANA,,Velvet Amber Skin,Mixte, 50ml,LUXURY,52 ‚Ç¨,Velvet Amber Skin de Dolce & Gabbana,üîç Voir image,https://i0.wp.com/zino.ci/wp-content/uploads/2025/01/MODEL-IMAGE-2025-01-08T095526.147.jpg?fit=1500%2C1500&ssl=1
102,DOLCE & GABBANA,,Velvet Amber Sun,Mixte,50ml,LUXURY,52 ‚Ç¨,Velvet Amber Sun de Dolce & Gabbana,üîç Voir image,https://www.beautyjulia.com/fr/139654-large_default/velvet-amber-sun-eau-de-parfum.jpg
105,MONTALE,,Intense Caf√©,Mixte,70 ml,CLASSIC,35 ‚Ç¨,Intense Caf√© de Montale,üîç Voir image,https://parfumexquis.com/cdn/shop/files/MontaleIntenseCafe.jpg?v=1715634723&width=2048
106,TOM FORD,,Fucking Fabulous,Mixte,50 ml,LUXURY,52 ‚Ç¨,Fucking Fabulous de Tom Ford,üîç Voir image,https://media.sephora.eu/content/dam/digital/pim/published/T/TOM_FORD/484959/115948-media_swatch.jpg?scaleWidth=undefined&scaleHeight=undefined&scaleMode=undefined
109,DIOR,,J'adore l'Or,Femme,70 ml,LUXURY,52 ‚Ç¨,J'adore l'Or de Dior,üîç Voir image,https://i1.perfumesclub.com/grande/13195.jpg
110,TIZIANA TERENZI,,Kirk√©,Mixte,70 ml,LUXE,45 ‚Ç¨,Kirk√© de Tiziana Terenzi,üîç Voir image,https://cdn.basler-beauty.de/out/pictures/generated/product/1/1200_1200_100/1479164-Tiziana-Terenzi-Kirke-Extrait-de-Parfum-100-ml.832ed199.jpg
111,TOM FORD,,Lost Cherry,Mixte,50 ml,LUXURY,52 ‚Ç¨,Lost Cherry de Tom Ford,üîç Voir image,https://pricespy-75b8.kxcdn.com/product/standard/280/5424282.jpg
112,TOM FORD,,N√©roli Portofino,Mixte,50ml,LUXURY,52 ‚Ç¨,N√©roli Portofino de Tom ford,üîç Voir image,https://cdn.basler-beauty.de/out/pictures/generated/product/1/980_980_100/1604821-Tom-Ford-Neroli-Portofino-Eau-de-Parfum-100-ml.088be98e.jpg
113,LOUIS VUITTON,,Sur la route,Homme,70 ml,LUXE,57 ‚Ç¨,Sur la route de Louis Vuitton,üîç Voir image,https://ru.louisvuitton.com/images/is/image/lv/1/PP_VP_L/louis-vuitton-sur-la-route--LP0055_PM2_Front%20view.jpg
114,LOUIS VUITTON,,Ombre Nomade,Mixte,70 ml,LUXE,48 ‚Ç¨,Ombre Nomade de Louis Vuitton,üîç Voir image,https://fr.louisvuitton.com/images/is/image/lv/1/PP_VP_L/louis-vuitton-parfum-ombre-nomade--LP0096_PM2_Front%20view.jpg?impolicy=bgcolor&bgcolor=%23f8f8f8
115,LANC√îME,,Idole,Femme,70 ml,CLASSIC,35 ‚Ç¨,Idole de Lanc√¥me,üîç Voir image,https://www.parfumdo.com/79692-large_default/lancome-idole-eau-de-parfum.jpg
116,CACHAREL,,Yes I Am,Femme,70 ml,CLASSIC,35 ‚Ç¨,Yes I Am de Cacharel,üîç Voir image,https://www.parfumdo.com/103672-large_default/yes-i-am-eau-de-parfum-vaporisateur.jpg
117,TOM FORD,,Tobacco Vanille,Mixte,50 ml,LUXURY,52 ‚Ç¨,Tobacco Vanille de Tom Ford,üîç Voir image,https://media.sephora.eu/content/dam/digital/pim/published/T/TOM_FORD/436143/81532-media_swatch.jpg?scaleWidth=585&scaleHeight=585&scaleMode=fit
118,MAISON FRANCIS KURKDJIAN,,Baccarat Rouge 540,Mixte,50 ml,LUXURY,52 ‚Ç¨,Baccarat Rouge 540 de Maison Francis Kurkdjian,üîç Voir image,https://media.sephora.eu/content/dam/digital/pim/published/M/MAISON_FRANCIS_KURKDJIAN/427450/239831-media_swatch.jpg?scaleWidth=265&scaleHeight=265&scaleMode=fit
119,JEAN-PAUL GAULTHIER,,Scandal,Femme,70 ml,CLASSIC,35 ‚Ç¨,Scandal de Jean-Paul Gaulthier,üîç Voir image,https://www.parfumsetmoi.fr/data/tmp/0/1/189121_0.fr.jpg?1755099066_1
120,GUERLAIN,,La Petite Robe Noire - Ma Robe Velours,Femme,70 ml,CLASSIC,35 ‚Ç¨,La Petite Robe Noire - Ma Robe Velours de Guerlain,üîç Voir image,https://www.parfumdo.com/39662-large_default/la-petite-robe-noire-ma-robe-velours-eau-de-parfum.jpg
121,GIVENCHY,,L'interdit,Femme,70 ml,CLASSIC,35 ‚Ç¨,L'interdit de Givenchy,üîç Voir image,https://pricespy-75b8.kxcdn.com/product/standard/280/4943732.jpg
122,YVES SAINT LAURENT,,Libre,Femme,70 ml,LUXE,48 ‚Ç¨,Libre de Yves Saint Laurent,üîç Voir image,https://pricespy-75b8.kxcdn.com/product/standard/280/5183840.jpg
123,KILIAN,,Good Girl Gone Bad,Femme,50 ml,LUXURY,52 ‚Ç¨,Good Girl Gone Bad de Kilian,üîç Voir image,https://media.sephora.eu/content/dam/digital/pim/published/K/KILIAN/500552/163621-media_swatch.jpg?scaleWidth=265&scaleHeight=265&scaleMode=fit
124,MORPH,,Zeta,Mixte,50 ml,LUXURY,52 ‚Ç¨,Zeta de Morph,üîç Voir image,https://fimgs.net/images/perfume/270x270.51603.jpg
125,TOM FORD,,Sole Di Positano Acqua,Mixte,50 ml,LUXURY,52 ‚Ç¨,Sole Di Positano Acqua de Tom Ford,üîç Voir image,https://media.parfumo.com/perfumes/cc/ccf3e3-sole-di-positano-eau-de-parfum-tom-ford_1200.jpg?width=720&aspect_ratio=1:1
126,TOM FORD,,Soleil Blanc,Mixte,50 ml,LUXURY,52 ‚Ç¨,Soleil Blanc de Tom Ford,üîç Voir image,https://media.sephora.eu/content/dam/digital/pim/published/T/TOM_FORD/436147/81524-media_swatch.jpg?scaleWidth=265&scaleHeight=265&scaleMode=fit
127,TOM FORD,,Oud Wood,Mixte,50 ml,LUXURY,52 ‚Ç¨,Oud Wood de Tom Ford,üîç Voir image,https://cdn.basler-beauty.de/out/pictures/master/product/thumb/1605003-Tom-Ford-Oud-Wood-Eau-de-Parfum-50-ml.c45f3781.jpg
128,TOM FORD,,Vanille Fatale,Mixte,50 ml,LUXURY,52 ‚Ç¨,Vanille Fatale de Tom Ford,üîç Voir image,https://muquoi.com/wp-content/uploads/2019/07/Vanille-Fatale-EDP-973627.jpg
129,XERJOFF,,Erba Pura,Mixte,50 ml,LUXURY,52 ‚Ç¨,Erba Pura de Xerjoff,üîç Voir image,https://cdn.basler-beauty.de/out/pictures/generated/product/1/980_980_100/2523922-XERJOFF-V-ERBA-PURA-Eau-de-Parfum-50-ml.eed7e8d9.jpg
130,ORTO PARISI,,Megamare,Mixte,50 ml,LUXURY,65 ‚Ç¨,Megamare de Orto Parisi,üîç Voir image,"https://cdn.50-ml.com/media/catalog/product/o/r/orto_parisi_megamare_p_1.jpg?optimize=medium&bg-color=255,255,255&fit=bounds&height=&width="
131,CAROLINA HERRERA,,Good Girl,Femme,70 ml,LUXE,48 ‚Ç¨,Good Girl de Carolina Herrera,üîç Voir image,https://pricespy-75b8.kxcdn.com/product/standard/280/3872627.jpg
132,GIORGIO ARMANI,,My Way,Femme,70 ml,LUXE,45 ‚Ç¨,My Way de Giorgio Armani,üîç Voir image,https://media.sephora.eu/content/dam/digital/pim/published/A/ARMANI/P10017407/60859-media_principal.jpg?scaleWidth=585&scaleHeight=585&scaleMode=fit
133,PRADA,,Paradoxe,Femme,70 ml,CLASSIC,35 ‚Ç¨,Paradoxe de Prada,üîç Voir image,https://cdn.basler-beauty.de/out/pictures/generated/product/1/980_980_100/1470892-Prada-Paradoxe-Eau-de-Parfum-90-ml.9854f9e4.jpg
134,TOM FORD,,Bitter Peach,Mixte,50 ml,LUXURY,52 ‚Ç¨,Bitter Peach de Tom Ford,üîç Voir image,https://media.sephora.eu/content/dam/digital/pim/published/T/TOM_FORD/516585/211033-media_swatch.jpg?scaleWidth=585&scaleHeight=585&scaleMode=fit
135,DIOR,,Bois d'Argent,Mixte,70 ml,LUXE,57 ‚Ç¨,Bois d'Argent de Dior,üîç Voir image,https://auparfum.bynez.com/IMG/arton258.jpg
136,DIOR,,Dior Homme Intense,Homme,70 ml,LUXE,45 ‚Ç¨,Dior Homme Intense de Dior,üîç Voir image,https://www.parfumdo.com/94689-large_default/dior-homme-intense-eau-de-parfum-vaporisateur.jpg
137,XERJOFF,,Xj 1861 Naxos,Mixte,50 ml,LUXURY,52 ‚Ç¨,Xj 1861 Naxos de Xerjoff,üîç Voir image,https://cdn.basler-beauty.de/out/pictures/master/product/thumb/1440586-XERJOFF-1861-NAXOS-Eau-de-Parfum-100-ml.4bf5b85f.jpg
138,OJAR,,Wood Whisper,Mixte,50 ml,LUXURY,52 ‚Ç¨,Wood Whisper de Ojar,üîç Voir image,https://parfumerielaura.fr/2277-large_default/wood-whisper-eau-de-parfum-ojar.jpg
139,LOUIS VUITTON,,Les Sables Roses,Mixte,50 ml,LUXURY,65 ‚Ç¨,Les Sables Roses de Louis Vuitton,üîç Voir image,https://fr.louisvuitton.com/images/is/image/lv/1/PP_VP_L/louis-vuitton-parfum-les-sables-roses--LP0120_PM2_Front%20view.jpg
140,VERSACE,,Eros,Homme,70 ml,CLASSIC,35 ‚Ç¨,Eros de Versace,üîç Voir image,https://media.sephora.eu/content/dam/digital/pim/published/V/VERSACE/P10010905/54387-media_principal.jpg?scaleWidth=585&scaleHeight=585&scaleMode=fit
141,THE SPIRIT OF DUBAI,,Turath,Mixte,50 ml,LUXURY,65 ‚Ç¨,Turath de The Spirit Of Dubai,üîç Voir image,https://parfumerielaura.fr/1372-large_default/turath-edp-50-ml-the-spirit-of-dubai.jpg
142,TOM FORD,,Ombre Leather,Mixte,70 ml,LUXE,57 ‚Ç¨,Ombre Leather de Tom Ford,üîç Voir image,https://cdn.basler-beauty.de/out/pictures/generated/product/1/980_980_100/2664151-TOM-FORD-Eau-d-Ombre-Leather-Eau-de-Toilette-50-ml.4a3204a9.jpg
145,DOLCE & GABBANA,,Devotion,Femme,70 ml,CLASSIC,35 ‚Ç¨,Devotion de Dolce & Gabbana,üîç Voir image,https://i1.perfumesclub.com/grande/189132-2.jpg